title,label
Intel will get $8.5 billion in CHIPS Act funding to support its US manufacturing efforts,
Millennials fall for investment scams a lot — even more than boomers,
World’s top pension fund eyes Bitcoin,
Microsoft’s Mistral deal beefs up Azure without spurning OpenAI,
Samsung set to secure huge $6bn US investment,
3 ways renting could make you wealthier than owning a home,
Future-first thinking,
"US reindustrialization will be the top investment theme of coming decades, RBA says",
The SEC is cracking down on investment advisers that falsely claim to use AI,
Yield Guild Games’ token debuts on the Ronin network to foster Web3 gaming growth,
Bitcoin hits a record high. Here are 4 things to know about this spectacular rally,
Companies are about to waste billions on AI — here’s how not to become one of them,
John Kerry’s Next Move,
Sewage spills rise blamed on wet weather,
"The Fed is going to hold out on rate cuts longer than we think, investment strategist says",
The US is pressuring the biggest Western bank in Russia to cancel a $1.6 billion industrial investment,
New East-West Council to meet for first time later,
Dragon Ball theme park to be built in Saudi Arabia,
[Removed],
Italy to pump 1 billion euros into AI projects,
British Virgin Islands aims to become global crypto hub,
Record numbers of wealthy Americans are looking for ways to live overseas or get foreign citizenship amid turmoil in the US,
A Record $12.5 Billion Lost to Internet Crime in 2023 - CNET,
"U.S. seeks to revive idled shipyards with help of Japan, South Korea",
Fortress Investment Group Decimated Newspapers Before Gutting Vice,
Paris cycling numbers double in one year thanks to investment,
'Political mood has changed' on assisted dying - MSP,
"Meta Abandons Hacking Victims, Draining Law Enforcement Resources, Officials Say",
IQ Air Atem X Review: High-End Air Purifier,
Security News This Week: Russian Hackers Stole Microsoft Source Code—and the Attack Isn’t Over,
"Elie Hassenfeld Q&A: ‘$5,000 to Save a Life Is a Bargain’",
Bitcoin price hits record $69K after SEC approvals fueled $7B in investments,
"China's leaders announce a push to jumpstart economy, but say it won't be easy",
Disney's War With Ron DeSantis Might Finally Be Winding Down,
Pride sign Banda in second-biggest women's transfer,
"5 ways to lower your portfolio's tax bill as government debt bites, BofA says",
Why the US Could Be On the Cusp of a Productivity Boom,
CitizenX: Invest in Citizenship,
Children 'let down' by dropped transport changes,
Take-Two is buying Gearbox from Embracer for $460 million,
Risky commercial real estate investments are getting squeezed as the market collapses,
Lawmakers have a new plan to force ByteDance to sell TikTok,
What you need to know about taxes on bitcoin ETFs before you buy or sell,
"‘Magnificent Seven’ shed $233 billion in market cap, dragging down the stock market",
UK to link electoral roll cyber-attacks to China,
StealthMole secures $7m funding for its AI-powered dark web intelligence firm,
Why US-based VCs are investing big in European climate tech,
Some wealthy people lost millions in the FTX collapse. But others say they've lost their entire life savings.,
How much Sam Altman stands to gain from a Reddit IPO,
Activist investor Nelson Peltz says it's 'probably true' that he's a 'bully billionaire',
China's real estate slump is about to get worse,
Amazon invests another $2.75B in Anthropic — reportedly ‘largest’ in company history,
"Dozens of countries pledge support for nuclear power, despite lingering concerns",
This little carbon-sucking machine could crack DAC’s big energy problem,
Dutch cybersecurity startup bags €36M amid spike in online attacks,
Intel set to receive $8.5bn from US Gov in semiconductor drive,
Software Industry Calls for More UK Government Support,
"Meta Abandons Hacking Victims, Draining Law Enforcement Resources, Officials Say",
"Over 1,000 special needs pupils need school place",
Call for suicide prevention support for teachers,
Digital bank Monzo raises £340M amid UK push to remain fintech leader,
Stocks vs. bonds: An investment decision worth more than $10 million,
Biden's laws are pouring billions into new infrastructure and it could be a rare opportunity to make communities safer and more sustainable,
Best Solar Panel Installation Companies in Dallas - CNET,
The difficulties of publishing indie games: the studio behind 'Deliver Us the Moon' shares 5 new games that were pitched to more than 40 publishers to no avail,
Rise Of The Ronin Review - Long-Term Investment,
Rahm criticises world rankings as LIV ends interest,
The Papers: Water bosses a 'disgrace' and Easter honours 'row',
Legendary forecaster Jeremy Grantham highlights 4 areas of the stock market still worth investing in as bubble fears flare,
"While the tech rally loses stream, this stock-market breadth indicator is at its strongest level in nearly 3 years",
Why crypto is surging back to all-time highs and shrugging off high interest rates,
Bitcoin endures biggest daily price drop since FTX crash,
"Coinbase pitched Grayscale’s ETH ETF to the SEC, filings show",
"MiB: Liz Ann Sonders, Schwab Chief Investment Strategist",
The Meta Quest 2 VR headset is on sale for a low of $199,
Are college degrees still worth the investment?,
Capcom announces salary increase for graduates and existing staff,
Rivian blazed a trail with its adventure EVs — can it stay on top?,
Adam Neumann Makes a $500 Million Bid For WeWork,
Here's how the UK's aerospace businesses are taking off with the help of government funding,
"David Rosenberg, Jeremy Grantham, and 4 other market gurus just rang the alarm on a stock market bubble",
Detroit is getting ready to host the NFL draft a decade after going bankrupt,
"Warren Buffett's favorite market gauge hit a 2-year high, signaling stocks are heavily overvalued and could crash",
The best Meta Quest 2 deal on the web today comes with over $150 of free stuff — I'm not joking,
"Apple Posts Vision Pro Job Listings in Australia, China, and Japan Following UK Last Year",
"BlackRock, 'dismayed' by $8.5 billion Texas divestment, urges rethink",
Ada Ventures secures £63mn for ‘Inclusive Alpha’ fund,
Your Screen Protector Is Not All It’s Cracked Up to Be,
"This startup taps quantum, AI to fast-track discovery of new materials",
PolarPro Defender Pro Camera Body Cap,
Bridge Investment: How Gangway Rounds Fuel Startup Success,
The legal war between Disney and Florida is over,
UK finance minister promises NHS £3.4B IT investment to unlock £35B savings,
Bitcoin will keep going boom and bust until we all die,
US House passes bill that could ban TikTok nationwide,
Microsoft opens its Copilot GPT Builder to all Pro subscribers,
Cancer patients 'at risk' due to treatment delays,
Hunch raises $23M for new-age social discovery app,
4 strategies data-driven CISOs need to take now to defend their budgets,
Is Bitcoin a good speculative investment?,
